{"cameraMode":{"drawMode":0,"name":"Shaded","section":"Shading Mode"},"sceneLighting":true,"audioPlay":false,"sceneViewState":{"showFog":true,"showMaterialUpdate":true,"showSkybox":true,"showFlares":true,"showImageEffects":true,"showParticleSystems":true},"in2DMode":false,"pivot":{"x":1981.043212890625,"y":-934.6639404296875,"z":845.7747802734375},"rotation":{"x":-0.3235083222389221,"y":-0.3795653283596039,"z":0.1436561942100525,"w":-0.85477215051651},"size":2881.80078125,"orthographic":false}