{"cameraMode":{"drawMode":0,"name":"Shaded","section":"Shading Mode"},"sceneLighting":true,"audioPlay":false,"sceneViewState":{"showFog":true,"showMaterialUpdate":true,"showSkybox":true,"showFlares":true,"showImageEffects":true,"showParticleSystems":true},"in2DMode":false,"pivot":{"x":451.245361328125,"y":-124.29052734375,"z":1710.40185546875},"rotation":{"x":-0.11100540310144425,"y":0.16526727378368379,"z":-0.018723025918006898,"w":-0.9798030853271484},"size":2620.027099609375,"orthographic":false}