{"cameraMode":{"drawMode":0,"name":"Shaded","section":"Shading Mode"},"sceneLighting":true,"audioPlay":false,"sceneViewState":{"showFog":true,"showMaterialUpdate":true,"showSkybox":true,"showFlares":true,"showImageEffects":true,"showParticleSystems":true},"in2DMode":false,"pivot":{"x":615.294189453125,"y":550.1138916015625,"z":37.2337646484375},"rotation":{"x":0.04679238051176071,"y":0.004490170627832413,"z":-0.00021041769650764763,"w":0.9988945126533508},"size":1987.9534912109375,"orthographic":false}