{"cameraMode":{"drawMode":0,"name":"Shaded","section":"Shading Mode"},"sceneLighting":true,"audioPlay":false,"sceneViewState":{"showFog":true,"showMaterialUpdate":true,"showSkybox":true,"showFlares":true,"showImageEffects":true,"showParticleSystems":true},"in2DMode":false,"pivot":{"x":-31.982295989990236,"y":-19.116928100585939,"z":16.652679443359376},"rotation":{"x":0.49902278184890749,"y":-0.3084811866283417,"z":0.19590836763381959,"w":0.7857707142829895},"size":125.68932342529297,"orthographic":false}