{"cameraMode":{"drawMode":0,"name":"Shaded","section":"Shading Mode"},"sceneLighting":true,"audioPlay":false,"sceneViewState":{"showFog":true,"showMaterialUpdate":true,"showSkybox":true,"showFlares":true,"showImageEffects":true,"showParticleSystems":true},"in2DMode":false,"pivot":{"x":884.2373046875,"y":721.3592529296875,"z":6.319580078125},"rotation":{"x":0.02130775712430477,"y":-0.007503127213567495,"z":0.00015983481716830283,"w":0.9997448325157166},"size":2103.962646484375,"orthographic":false}