{"cameraMode":{"drawMode":0,"name":"Shaded","section":"Shading Mode"},"sceneLighting":true,"audioPlay":false,"sceneViewState":{"showFog":true,"showMaterialUpdate":true,"showSkybox":true,"showFlares":true,"showImageEffects":true,"showParticleSystems":true},"in2DMode":false,"pivot":{"x":989.5067749023438,"y":592.4016723632813,"z":294.5901794433594},"rotation":{"x":0.1451944261789322,"y":-0.14489032328128816,"z":0.021499941125512124,"w":0.978500485420227},"size":1051.2613525390625,"orthographic":true}